Entity,Code,Year,Total
Austria,AUT,2022,217.24637
Chile,CHL,2023,80.076594
Croatia,HRV,2021,14.462562
Cyprus,CYP,2017,15.008377
Israel,ISR,2023,34.477238
Italy,ITA,2021,162.67856
Latvia,LVA,2022,319.0956
Lithuania,LTU,2022,152.38263
Luxembourg,LUX,2022,106.56737
Slovenia,SVN,2022,168.1105
Turkey,TUR,2022,6.219116